{"cameraMode":{"drawMode":0,"name":"Shaded","section":"Shading Mode"},"sceneLighting":true,"audioPlay":false,"sceneViewState":{"showFog":true,"showMaterialUpdate":false,"showSkybox":true,"showFlares":true,"showImageEffects":true,"showParticleSystems":true},"in2DMode":false,"pivot":{"x":31.00362205505371,"y":-51.2213134765625,"z":10.950153350830079},"rotation":{"x":0.0015689468709751964,"y":0.8798171877861023,"z":-0.47530168294906618,"w":0.002904176479205489},"size":102.15509796142578,"orthographic":false}