{"cameraMode":{"drawMode":0,"name":"Shaded","section":"Shading Mode"},"sceneLighting":false,"audioPlay":false,"sceneViewState":{"showFog":true,"showMaterialUpdate":false,"showSkybox":false,"showFlares":true,"showImageEffects":true,"showParticleSystems":true},"in2DMode":false,"pivot":{"x":0.0,"y":1.570000171661377,"z":-0.001827538013458252},"rotation":{"x":0.11789111793041229,"y":0.840927004814148,"z":-0.2033923864364624,"w":0.48741966485977175},"size":4.052715301513672,"orthographic":false}