{"cameraMode":{"drawMode":0,"name":"Shaded","section":"Shading Mode"},"sceneLighting":false,"audioPlay":false,"sceneViewState":{"showFog":true,"showMaterialUpdate":false,"showSkybox":false,"showFlares":true,"showImageEffects":true,"showParticleSystems":true},"in2DMode":false,"pivot":{"x":0.0,"y":1.570000171661377,"z":-0.001827538013458252},"rotation":{"x":-0.010281985625624657,"y":0.9779432415962219,"z":-0.20263054966926576,"w":-0.04962338134646416},"size":4.052715301513672,"orthographic":false}