{"cameraMode":{"drawMode":0,"name":"Shaded","section":"Shading Mode"},"sceneLighting":false,"audioPlay":false,"sceneViewState":{"showFog":true,"showMaterialUpdate":false,"showSkybox":false,"showFlares":true,"showImageEffects":true,"showParticleSystems":true},"in2DMode":false,"pivot":{"x":0.0,"y":1.570000171661377,"z":-0.001827538013458252},"rotation":{"x":0.0015689468709751964,"y":0.8798171877861023,"z":-0.47530168294906618,"w":0.002904176479205489},"size":4.052715301513672,"orthographic":false}