{"cameraMode":{"drawMode":0,"name":"Shaded","section":"Shading Mode"},"sceneLighting":false,"audioPlay":false,"sceneViewState":{"showFog":true,"showMaterialUpdate":false,"showSkybox":false,"showFlares":true,"showImageEffects":true,"showParticleSystems":true},"in2DMode":false,"pivot":{"x":0.25589561462402346,"y":2.446502923965454,"z":-0.4611339569091797},"rotation":{"x":0.11789111793041229,"y":0.840927004814148,"z":-0.2033923864364624,"w":0.48741966485977175},"size":18.763059616088868,"orthographic":false}