{"cameraMode":{"drawMode":0,"name":"Shaded","section":"Shading Mode"},"sceneLighting":true,"audioPlay":false,"sceneViewState":{"showFog":true,"showMaterialUpdate":false,"showSkybox":true,"showFlares":true,"showImageEffects":true,"showParticleSystems":true},"in2DMode":false,"pivot":{"x":-3.051605224609375,"y":305.8317565917969,"z":7.50146484375},"rotation":{"x":0.0018100363668054343,"y":0.016812985762953759,"z":-0.000032270465453621,"w":0.9998835921287537},"size":2117.883544921875,"orthographic":false}