{"cameraMode":{"drawMode":0,"name":"Shaded","section":"Shading Mode"},"sceneLighting":true,"audioPlay":false,"sceneViewState":{"showFog":true,"showMaterialUpdate":false,"showSkybox":true,"showFlares":true,"showImageEffects":true,"showParticleSystems":true},"in2DMode":false,"pivot":{"x":29.935943603515626,"y":46.95830535888672,"z":0.0},"rotation":{"x":0.15271197259426118,"y":-0.005620140116661787,"z":0.0008676985744386911,"w":0.9882810115814209},"size":182.7391815185547,"orthographic":false}