{"cameraMode":{"drawMode":0,"name":"Shaded","section":"Shading Mode"},"sceneLighting":false,"audioPlay":false,"sceneViewState":{"showFog":true,"showMaterialUpdate":false,"showSkybox":false,"showFlares":true,"showImageEffects":true,"showParticleSystems":true},"in2DMode":false,"pivot":{"x":-3.371699094772339,"y":0.7035338878631592,"z":3.775275230407715},"rotation":{"x":0.24987930059432984,"y":0.24538245797157288,"z":-0.06562837958335877,"w":0.9343963861465454},"size":16.821359634399415,"orthographic":false}