{"cameraMode":{"drawMode":0,"name":"Shaded","section":"Shading Mode"},"sceneLighting":false,"audioPlay":false,"sceneViewState":{"showFog":true,"showMaterialUpdate":false,"showSkybox":false,"showFlares":true,"showImageEffects":true,"showParticleSystems":true},"in2DMode":false,"pivot":{"x":0.5414941906929016,"y":1.7279292345046998,"z":-0.6500897407531738},"rotation":{"x":0.004863515496253967,"y":-0.9741883277893066,"z":0.22482389211654664,"w":0.021052395924925805},"size":2.4099159240722658,"orthographic":false}