{"cameraMode":{"drawMode":0,"name":"Shaded","section":"Shading Mode"},"sceneLighting":true,"audioPlay":false,"sceneViewState":{"showFog":true,"showMaterialUpdate":false,"showSkybox":true,"showFlares":true,"showImageEffects":true,"showParticleSystems":true},"in2DMode":false,"pivot":{"x":46.993560791015628,"y":-15.592231750488282,"z":2.229482650756836},"rotation":{"x":-0.26368850469589236,"y":-0.5967918634414673,"z":0.21670368313789369,"w":-0.726186215877533},"size":147.8192901611328,"orthographic":false}