{"cameraMode":{"drawMode":0,"name":"Shaded","section":"Shading Mode"},"sceneLighting":false,"audioPlay":false,"sceneViewState":{"showFog":true,"showMaterialUpdate":false,"showSkybox":false,"showFlares":true,"showImageEffects":true,"showParticleSystems":true},"in2DMode":false,"pivot":{"x":-0.052034854888916019,"y":2.8430614471435549,"z":0.08838653564453125},"rotation":{"x":-0.11313647776842118,"y":-0.20211316645145417,"z":0.02350795269012451,"w":-0.9725366830825806},"size":9.67937183380127,"orthographic":false}