{"cameraMode":{"drawMode":0,"name":"Shaded","section":"Shading Mode"},"sceneLighting":false,"audioPlay":false,"sceneViewState":{"showFog":true,"showMaterialUpdate":false,"showSkybox":false,"showFlares":true,"showImageEffects":true,"showParticleSystems":true},"in2DMode":false,"pivot":{"x":1038.41455078125,"y":497.4158935546875,"z":15.14990234375},"rotation":{"x":0.02668621949851513,"y":0.008094608783721924,"z":0.00021634406584780663,"w":-0.9996121525764465},"size":476.19189453125,"orthographic":false}