{"cameraMode":{"drawMode":0,"name":"Shaded","section":"Shading Mode"},"sceneLighting":true,"audioPlay":false,"sceneViewState":{"showFog":true,"showMaterialUpdate":false,"showSkybox":true,"showFlares":true,"showImageEffects":true,"showParticleSystems":true},"in2DMode":false,"pivot":{"x":-32.846805572509769,"y":10.884710311889649,"z":-8.986408233642579},"rotation":{"x":-0.23907914757728578,"y":0.41986799240112307,"z":-0.11566096544265747,"w":-0.8678665161132813},"size":110.27337646484375,"orthographic":false}