{"cameraMode":{"drawMode":0,"name":"Shaded","section":"Shading Mode"},"sceneLighting":false,"audioPlay":false,"sceneViewState":{"showFog":true,"showMaterialUpdate":false,"showSkybox":false,"showFlares":true,"showImageEffects":true,"showParticleSystems":true},"in2DMode":false,"pivot":{"x":0.0,"y":1.5695744752883912,"z":-0.001827538013458252},"rotation":{"x":0.2877446115016937,"y":0.012928551062941552,"z":-0.0038848023395985367,"w":0.9576126933097839},"size":4.039334774017334,"orthographic":true}