{"cameraMode":{"drawMode":0,"name":"Shaded","section":"Shading Mode"},"sceneLighting":false,"audioPlay":false,"sceneViewState":{"showFog":true,"showMaterialUpdate":false,"showSkybox":false,"showFlares":true,"showImageEffects":true,"showParticleSystems":true},"in2DMode":false,"pivot":{"x":-18.0,"y":1.8483588695526124,"z":-7.329999923706055},"rotation":{"x":0.2936303913593292,"y":0.48651552200317385,"z":-0.17781175673007966,"w":0.8034101724624634},"size":13.080455780029297,"orthographic":true}