{"cameraMode":{"drawMode":0,"name":"Shaded","section":"Shading Mode"},"sceneLighting":true,"audioPlay":false,"sceneViewState":{"showFog":true,"showMaterialUpdate":false,"showSkybox":true,"showFlares":true,"showImageEffects":true,"showParticleSystems":true},"in2DMode":false,"pivot":{"x":-38.762451171875,"y":0.4052734375,"z":-19.87890625},"rotation":{"x":0.20192083716392518,"y":0.25799334049224856,"z":-0.055232442915439609,"w":0.9431971907615662},"size":10.774528503417969,"orthographic":true}