{"cameraMode":{"drawMode":0,"name":"Shaded","section":"Shading Mode"},"sceneLighting":false,"audioPlay":false,"sceneViewState":{"showFog":true,"showMaterialUpdate":false,"showSkybox":false,"showFlares":true,"showImageEffects":true,"showParticleSystems":true},"in2DMode":false,"pivot":{"x":-0.29815673828125,"y":4.873779296875,"z":-0.1162109375},"rotation":{"x":0.07940811663866043,"y":0.014351969584822655,"z":-0.0011433694744482637,"w":0.9967390298843384},"size":6.954984188079834,"orthographic":true}