{"cameraMode":{"drawMode":0,"name":"Shaded","section":"Shading Mode"},"sceneLighting":true,"audioPlay":false,"sceneViewState":{"showFog":true,"showMaterialUpdate":false,"showSkybox":true,"showFlares":true,"showImageEffects":true,"showParticleSystems":true},"in2DMode":false,"pivot":{"x":20.90951919555664,"y":-26.77138900756836,"z":24.456398010253908},"rotation":{"x":-0.5124553442001343,"y":-0.3650871515274048,"z":0.25479158759117129,"w":-0.7342908978462219},"size":89.02281188964844,"orthographic":false}