{"cameraMode":{"drawMode":0,"name":"Shaded","section":"Shading Mode"},"sceneLighting":true,"audioPlay":false,"sceneViewState":{"showFog":true,"showMaterialUpdate":false,"showSkybox":true,"showFlares":true,"showImageEffects":true,"showParticleSystems":true},"in2DMode":false,"pivot":{"x":-24.017532348632814,"y":-8.43359375,"z":2.64453125},"rotation":{"x":0.29207730293273928,"y":0.0014345861272886396,"z":-0.0004381311300676316,"w":0.9563941359519959},"size":34.4504280090332,"orthographic":true}